filename,logo_id,order_id,animation_id
L_7sins_01,0,0,5
L_7sins_01,0,1,0
L_7sins_01,0,2,2
L_7sins_01,0,3,4
L_7sins_01,0,4,3
L_7sins_01,0,5,1
L_7sins_01,0,6,10
L_7sins_01,0,7,9
L_7sins_02,1,0,0
L_7sins_02,1,1,2
L_7sins_02,1,2,6
L_7sins_02,1,3,7
L_7sins_02,1,4,4
L_7sins_02,1,5,3
L_7sins_02,1,6,5
L_7sins_02,1,7,1
L_7sins_03_1,2,0,0
L_7sins_03_1,2,1,2
L_7sins_03_1,2,2,7
L_7sins_03_1,2,3,5
L_7sins_03_1,2,4,8
L_7sins_03_1,2,5,4
L_7sins_03_1,2,6,6
L_7sins_03_1,2,7,22
L_7sins_03_2,3,0,0
L_7sins_03_2,3,1,1
L_7sins_03_2,3,2,5
L_7sins_03_2,3,3,3
L_7sins_03_2,3,4,6
L_7sins_03_2,3,5,2
L_7sins_03_2,3,6,4
L_7sins_03_2,3,7,20
L_7sins_04,4,0,5
L_7sins_04,4,1,9
L_7sins_04,4,2,6
L_7sins_04,4,3,8
L_7sins_04,4,4,2
L_7sins_04,4,5,3
L_7sins_04,4,6,0
L_7sins_04,4,7,4
L_Beck_Bau_02,5,0,7
L_Beck_Bau_02,5,1,0
L_Beck_Bau_02,5,2,4
L_Beck_Bau_02,5,3,3
L_Beck_Bau_02,5,4,6
L_Beck_Bau_02,5,5,5
L_Beck_Bau_02,5,6,1
L_Beck_Bau_02,5,7,2
L_Beck_Bau_03_1,6,0,7
L_Beck_Bau_03_1,6,1,0
L_Beck_Bau_03_1,6,2,4
L_Beck_Bau_03_1,6,3,6
L_Beck_Bau_03_1,6,4,5
L_Beck_Bau_03_1,6,5,3
L_Beck_Bau_03_1,6,6,1
L_Beck_Bau_03_1,6,7,2
L_Beck_Bau_03_2,7,0,7
L_Beck_Bau_03_2,7,1,0
L_Beck_Bau_03_2,7,2,4
L_Beck_Bau_03_2,7,3,3
L_Beck_Bau_03_2,7,4,6
L_Beck_Bau_03_2,7,5,1
L_Beck_Bau_03_2,7,6,5
L_Beck_Bau_03_2,7,7,2
L_Beck_Bau_04_1,8,0,7
L_Beck_Bau_04_1,8,1,0
L_Beck_Bau_04_1,8,2,4
L_Beck_Bau_04_1,8,3,3
L_Beck_Bau_04_1,8,4,6
L_Beck_Bau_04_1,8,5,1
L_Beck_Bau_04_1,8,6,5
L_Beck_Bau_04_1,8,7,2
L_Beck_Bau_04_2,9,0,7
L_Beck_Bau_04_2,9,1,0
L_Beck_Bau_04_2,9,2,4
L_Beck_Bau_04_2,9,3,5
L_Beck_Bau_04_2,9,4,3
L_Beck_Bau_04_2,9,5,1
L_Beck_Bau_04_2,9,6,6
L_Beck_Bau_04_2,9,7,2
L_Beck_Bau_05_1,10,0,0
L_Beck_Bau_05_1,10,1,6
L_Beck_Bau_05_1,10,2,8
L_Beck_Bau_05_1,10,3,5
L_Beck_Bau_05_1,10,4,7
L_Beck_Bau_05_1,10,5,3
L_Beck_Bau_05_1,10,6,4
L_Beck_Bau_05_1,10,7,1
L_Beck_Bau_05_2,11,0,0
L_Beck_Bau_05_2,11,1,6
L_Beck_Bau_05_2,11,2,5
L_Beck_Bau_05_2,11,3,8
L_Beck_Bau_05_2,11,4,7
L_Beck_Bau_05_2,11,5,3
L_Beck_Bau_05_2,11,6,4
L_Beck_Bau_05_2,11,7,1
L_Beck_Bau_06_1,12,0,2
L_Beck_Bau_06_1,12,1,6
L_Beck_Bau_06_1,12,2,5
L_Beck_Bau_06_1,12,3,8
L_Beck_Bau_06_1,12,4,7
L_Beck_Bau_06_1,12,5,4
L_Beck_Bau_06_1,12,6,3
L_Beck_Bau_06_1,12,7,1
L_Beck_Bau_07_1,13,0,7
L_Beck_Bau_07_1,13,1,0
L_Beck_Bau_07_1,13,2,4
L_Beck_Bau_07_1,13,3,3
L_Beck_Bau_07_1,13,4,5
L_Beck_Bau_07_1,13,5,6
L_Beck_Bau_07_1,13,6,2
L_Beck_Bau_07_1,13,7,1
L_Beck_Bau_08,14,0,8
L_Beck_Bau_08,14,1,7
L_Beck_Bau_08,14,2,0
L_Beck_Bau_08,14,3,4
L_Beck_Bau_08,14,4,5
L_Beck_Bau_08,14,5,6
L_Beck_Bau_08,14,6,3
L_Beck_Bau_08,14,7,1
L_Beck_Bau_09_1,15,0,0
L_Beck_Bau_09_1,15,1,4
L_Beck_Bau_09_1,15,2,5
L_Beck_Bau_09_1,15,3,3
L_Beck_Bau_09_1,15,4,6
L_Beck_Bau_09_1,15,5,7
L_Beck_Bau_09_1,15,6,8
L_Beck_Bau_09_1,15,7,1
L_Beck_Bau_09_2,16,0,0
L_Beck_Bau_09_2,16,1,4
L_Beck_Bau_09_2,16,2,3
L_Beck_Bau_09_2,16,3,6
L_Beck_Bau_09_2,16,4,5
L_Beck_Bau_09_2,16,5,1
L_Beck_Bau_09_2,16,6,9
L_Beck_Bau_09_2,16,7,8
L_Beck_Bau_10_1,17,0,7
L_Beck_Bau_10_1,17,1,4
L_Beck_Bau_10_1,17,2,0
L_Beck_Bau_10_1,17,3,5
L_Beck_Bau_10_1,17,4,3
L_Beck_Bau_10_1,17,5,6
L_Beck_Bau_10_1,17,6,1
L_Beck_Bau_10_1,17,7,2
L_Beck_Bau_10_2,18,0,7
L_Beck_Bau_10_2,18,1,4
L_Beck_Bau_10_2,18,2,0
L_Beck_Bau_10_2,18,3,3
L_Beck_Bau_10_2,18,4,1
L_Beck_Bau_10_2,18,5,6
L_Beck_Bau_10_2,18,6,5
L_Beck_Bau_10_2,18,7,2
L_Beck_Bau_12,19,0,8
L_Beck_Bau_12,19,1,5
L_Beck_Bau_12,19,2,0
L_Beck_Bau_12,19,3,4
L_Beck_Bau_12,19,4,6
L_Beck_Bau_12,19,5,3
L_Beck_Bau_12,19,6,1
L_Beck_Bau_12,19,7,2
L_Beck_Bau_13_1,20,0,0
L_Beck_Bau_13_1,20,1,4
L_Beck_Bau_13_1,20,2,6
L_Beck_Bau_13_1,20,3,3
L_Beck_Bau_13_1,20,4,1
L_Beck_Bau_13_1,20,5,5
L_Beck_Bau_13_1,20,6,2
L_Beck_Bau_13_1,20,7,7
L_Beck_Bau_13_2,21,0,0
L_Beck_Bau_13_2,21,1,3
L_Beck_Bau_13_2,21,2,5
L_Beck_Bau_13_2,21,3,2
L_Beck_Bau_13_2,21,4,4
L_Beck_Bau_13_2,21,5,1
L_Beck_Bau_13_2,21,6,7
L_Beck_Bau_13_2,21,7,8
L_Beck_Bau_14_1,22,0,7
L_Beck_Bau_14_1,22,1,4
L_Beck_Bau_14_1,22,2,0
L_Beck_Bau_14_1,22,3,3
L_Beck_Bau_14_1,22,4,6
L_Beck_Bau_14_1,22,5,5
L_Beck_Bau_14_1,22,6,1
L_Beck_Bau_14_1,22,7,2
L_Beck_Bau_14_2,23,0,8
L_Beck_Bau_14_2,23,1,4
L_Beck_Bau_14_2,23,2,0
L_Beck_Bau_14_2,23,3,3
L_Beck_Bau_14_2,23,4,6
L_Beck_Bau_14_2,23,5,5
L_Beck_Bau_14_2,23,6,1
L_Beck_Bau_14_2,23,7,2
L_Beck_Platten_01,24,0,12
L_Beck_Platten_01,24,1,11
L_Beck_Platten_01,24,2,13
L_Beck_Platten_01,24,3,10
L_Beck_Platten_01,24,4,0
L_Beck_Platten_01,24,5,6
L_Beck_Platten_01,24,6,3
L_Beck_Platten_01,24,7,1
L_Beck_Platten_02,25,0,12
L_Beck_Platten_02,25,1,11
L_Beck_Platten_02,25,2,13
L_Beck_Platten_02,25,3,10
L_Beck_Platten_02,25,4,0
L_Beck_Platten_02,25,5,3
L_Beck_Platten_02,25,6,6
L_Beck_Platten_02,25,7,4
L_Beck_Platten_03,26,0,12
L_Beck_Platten_03,26,1,11
L_Beck_Platten_03,26,2,13
L_Beck_Platten_03,26,3,10
L_Beck_Platten_03,26,4,0
L_Beck_Platten_03,26,5,6
L_Beck_Platten_03,26,6,3
L_Beck_Platten_03,26,7,1
L_Braumannn_03,27,0,134
L_Braumannn_03,27,1,130
L_Braumannn_03,27,2,126
L_Braumannn_03,27,3,129
L_Braumannn_03,27,4,128
L_Braumannn_03,27,5,131
L_Braumannn_03,27,6,133
L_Braumannn_03,27,7,132
L_Braumann_01,28,0,128
L_Braumann_01,28,1,126
L_Braumann_01,28,2,0
L_Braumann_01,28,3,1
L_Braumann_01,28,4,2
L_Braumann_01,28,5,3
L_Braumann_01,28,6,4
L_Braumann_01,28,7,5
L_Braumann_02,29,0,134
L_Braumann_02,29,1,126
L_Braumann_02,29,2,130
L_Braumann_02,29,3,128
L_Braumann_02,29,4,131
L_Braumann_02,29,5,132
L_Braumann_02,29,6,133
L_Braumann_02,29,7,129
L_Braumann_03,30,0,134
L_Braumann_03,30,1,130
L_Braumann_03,30,2,135
L_Braumann_03,30,3,126
L_Braumann_03,30,4,128
L_Braumann_03,30,5,131
L_Braumann_03,30,6,133
L_Braumann_03,30,7,129
L_Braumann_04,31,0,134
L_Braumann_04,31,1,130
L_Braumann_04,31,2,126
L_Braumann_04,31,3,131
L_Braumann_04,31,4,128
L_Braumann_04,31,5,133
L_Braumann_04,31,6,132
L_Braumann_04,31,7,129
L_Braumann_05,32,0,134
L_Braumann_05,32,1,130
L_Braumann_05,32,2,126
L_Braumann_05,32,3,129
L_Braumann_05,32,4,128
L_Braumann_05,32,5,131
L_Braumann_05,32,6,133
L_Braumann_05,32,7,132
L_Braumann_06,33,0,126
L_Braumann_06,33,1,135
L_Braumann_06,33,2,127
L_Braumann_06,33,3,131
L_Braumann_06,33,4,129
L_Braumann_06,33,5,132
L_Braumann_06,33,6,133
L_Braumann_06,33,7,134
L_Braumann_07,34,0,134
L_Braumann_07,34,1,130
L_Braumann_07,34,2,126
L_Braumann_07,34,3,132
L_Braumann_07,34,4,133
L_Braumann_07,34,5,129
L_Braumann_07,34,6,131
L_Braumann_07,34,7,128
L_Braumann_08,35,0,126
L_Braumann_08,35,1,131
L_Braumann_08,35,2,135
L_Braumann_08,35,3,127
L_Braumann_08,35,4,129
L_Braumann_08,35,5,132
L_Braumann_08,35,6,134
L_Braumann_08,35,7,133
L_compassus_1,36,0,0
L_compassus_1,36,1,14
L_compassus_1,36,2,15
L_compassus_1,36,3,19
L_compassus_1,36,4,13
L_compassus_1,36,5,16
L_compassus_1,36,6,20
L_compassus_1,36,7,18
L_compassus_2,37,0,0
L_compassus_2,37,1,3
L_compassus_2,37,2,4
L_compassus_2,37,3,5
L_compassus_2,37,4,2
L_compassus_2,37,5,8
L_compassus_2,37,6,9
L_compassus_2,37,7,7
L_Fritsche_1,38,0,0
L_Fritsche_1,38,1,13
L_Fritsche_1,38,2,10
L_Fritsche_1,38,3,12
L_Fritsche_1,38,4,9
L_Fritsche_1,38,5,11
L_Fritsche_1,38,6,7
L_Fritsche_1,38,7,8
L_Fritsche_2,39,0,14
L_Fritsche_2,39,1,12
L_Fritsche_2,39,2,13
L_Fritsche_2,39,3,3
L_Fritsche_2,39,4,1
L_Fritsche_2,39,5,0
L_Fritsche_2,39,6,2
L_Fritsche_2,39,7,10
L_Fritsche_3,40,0,13
L_Fritsche_3,40,1,12
L_Fritsche_3,40,2,14
L_Fritsche_3,40,3,3
L_Fritsche_3,40,4,1
L_Fritsche_3,40,5,0
L_Fritsche_3,40,6,2
L_Fritsche_3,40,7,10
L_Fritsche_4,41,0,14
L_Fritsche_4,41,1,10
L_Fritsche_4,41,2,4
L_Fritsche_4,41,3,13
L_Fritsche_4,41,4,0
L_Fritsche_4,41,5,11
L_Fritsche_4,41,6,3
L_Fritsche_4,41,7,1
L_Grote_01,42,0,0
L_Grote_01,42,1,4
L_Grote_01,42,2,2
L_Grote_01,42,3,20
L_Grote_01,42,4,19
L_Grote_01,42,5,18
L_Grote_01,42,6,3
L_Grote_01,42,7,1
L_Grote_02,43,0,0
L_Grote_02,43,1,4
L_Grote_02,43,2,2
L_Grote_02,43,3,19
L_Grote_02,43,4,18
L_Grote_02,43,5,20
L_Grote_02,43,6,3
L_Grote_02,43,7,1
L_Grote_03_1,44,0,19
L_Grote_03_1,44,1,18
L_Grote_03_1,44,2,20
L_Grote_03_1,44,3,2
L_Grote_03_1,44,4,1
L_Grote_03_1,44,5,0
L_Grote_03_1,44,6,4
L_Grote_03_1,44,7,3
L_Grote_03_2,45,0,18
L_Grote_03_2,45,1,19
L_Grote_03_2,45,2,20
L_Grote_03_2,45,3,0
L_Grote_03_2,45,4,2
L_Grote_03_2,45,5,4
L_Grote_03_2,45,6,3
L_Grote_03_2,45,7,1
L_Grote_04,46,0,22
L_Grote_04,46,1,0
L_Grote_04,46,2,2
L_Grote_04,46,3,4
L_Grote_04,46,4,3
L_Grote_04,46,5,1
L_Grote_04,46,6,16
L_Grote_04,46,7,9
L_Grote_05,47,0,18
L_Grote_05,47,1,0
L_Grote_05,47,2,2
L_Grote_05,47,3,4
L_Grote_05,47,4,3
L_Grote_05,47,5,1
L_Grote_05,47,6,7
L_Grote_05,47,7,14
L_Grote_06_1,48,0,0
L_Grote_06_1,48,1,2
L_Grote_06_1,48,2,4
L_Grote_06_1,48,3,3
L_Grote_06_1,48,4,1
L_Grote_06_1,48,5,22
L_Grote_06_1,48,6,21
L_Grote_06_1,48,7,25
L_Grote_06_2,49,0,0
L_Grote_06_2,49,1,2
L_Grote_06_2,49,2,4
L_Grote_06_2,49,3,3
L_Grote_06_2,49,4,1
L_Grote_06_2,49,5,22
L_Grote_06_2,49,6,21
L_Grote_06_2,49,7,25
L_Grote_07,50,0,0
L_Grote_07,50,1,2
L_Grote_07,50,2,4
L_Grote_07,50,3,3
L_Grote_07,50,4,1
L_Grote_07,50,5,18
L_Grote_07,50,6,19
L_Grote_07,50,7,20
L_Grote_08,51,0,18
L_Grote_08,51,1,0
L_Grote_08,51,2,2
L_Grote_08,51,3,4
L_Grote_08,51,4,3
L_Grote_08,51,5,1
L_Grote_08,51,6,16
L_Grote_08,51,7,7
L_Grote_09,52,0,19
L_Grote_09,52,1,0
L_Grote_09,52,2,18
L_Grote_09,52,3,2
L_Grote_09,52,4,4
L_Grote_09,52,5,3
L_Grote_09,52,6,1
L_Grote_09,52,7,16
L_Grote_10,53,0,0
L_Grote_10,53,1,23
L_Grote_10,53,2,2
L_Grote_10,53,3,4
L_Grote_10,53,4,3
L_Grote_10,53,5,22
L_Grote_10,53,6,1
L_Grote_10,53,7,21
L_Grote_11,54,0,0
L_Grote_11,54,1,2
L_Grote_11,54,2,4
L_Grote_11,54,3,3
L_Grote_11,54,4,1
L_Grote_11,54,5,24
L_Grote_11,54,6,23
L_Grote_11,54,7,28
L_Grote_12,55,0,2
L_Grote_12,55,1,1
L_Grote_12,55,2,0
L_Grote_12,55,3,4
L_Grote_12,55,4,18
L_Grote_12,55,5,3
L_Grote_12,55,6,9
L_Grote_12,55,7,16
L_Haarmonie_L_1,56,0,11
L_Haarmonie_L_1,56,1,10
L_Haarmonie_L_1,56,2,0
L_Haarmonie_L_1,56,3,4
L_Haarmonie_L_1,56,4,9
L_Haarmonie_L_1,56,5,5
L_Haarmonie_L_1,56,6,8
L_Haarmonie_L_1,56,7,2
L_Haarmonie_L_10,57,0,0
L_Haarmonie_L_10,57,1,1
L_Haarmonie_L_10,57,2,5
L_Haarmonie_L_10,57,3,7
L_Haarmonie_L_10,57,4,6
L_Haarmonie_L_10,57,5,2
L_Haarmonie_L_10,57,6,3
L_Haarmonie_L_10,57,7,8
L_Haarmonie_L_11,58,0,9
L_Haarmonie_L_11,58,1,4
L_Haarmonie_L_11,58,2,0
L_Haarmonie_L_11,58,3,6
L_Haarmonie_L_11,58,4,5
L_Haarmonie_L_11,58,5,2
L_Haarmonie_L_11,58,6,8
L_Haarmonie_L_11,58,7,1
L_Haarmonie_L_12,59,0,0
L_Haarmonie_L_12,59,1,5
L_Haarmonie_L_12,59,2,1
L_Haarmonie_L_12,59,3,6
L_Haarmonie_L_12,59,4,3
L_Haarmonie_L_12,59,5,2
L_Haarmonie_L_12,59,6,8
L_Haarmonie_L_12,59,7,7
L_Haarmonie_L_13,60,0,9
L_Haarmonie_L_13,60,1,4
L_Haarmonie_L_13,60,2,0
L_Haarmonie_L_13,60,3,5
L_Haarmonie_L_13,60,4,2
L_Haarmonie_L_13,60,5,1
L_Haarmonie_L_13,60,6,8
L_Haarmonie_L_13,60,7,6
L_Haarmonie_L_14,61,0,8
L_Haarmonie_L_14,61,1,0
L_Haarmonie_L_14,61,2,4
L_Haarmonie_L_14,61,3,5
L_Haarmonie_L_14,61,4,7
L_Haarmonie_L_14,61,5,2
L_Haarmonie_L_14,61,6,1
L_Haarmonie_L_14,61,7,6
L_Haarmonie_L_15,62,0,9
L_Haarmonie_L_15,62,1,0
L_Haarmonie_L_15,62,2,1
L_Haarmonie_L_15,62,3,2
L_Haarmonie_L_15,62,4,4
L_Haarmonie_L_15,62,5,5
L_Haarmonie_L_15,62,6,8
L_Haarmonie_L_15,62,7,6
L_Haarmonie_L_2,63,0,0
L_Haarmonie_L_2,63,1,4
L_Haarmonie_L_2,63,2,8
L_Haarmonie_L_2,63,3,5
L_Haarmonie_L_2,63,4,1
L_Haarmonie_L_2,63,5,2
L_Haarmonie_L_2,63,6,6
L_Haarmonie_L_2,63,7,10
L_Haarmonie_L_22,64,0,1
L_Haarmonie_L_22,64,1,0
L_Haarmonie_L_22,64,2,2
L_Haarmonie_L_22,64,3,3
L_Haarmonie_L_22,64,4,5
L_Haarmonie_L_22,64,5,6
L_Haarmonie_L_22,64,6,9
L_Haarmonie_L_22,64,7,7
L_Haarmonie_L_3,65,0,1
L_Haarmonie_L_3,65,1,2
L_Haarmonie_L_3,65,2,3
L_Haarmonie_L_3,65,3,7
L_Haarmonie_L_3,65,4,0
L_Haarmonie_L_3,65,5,9
L_Haarmonie_L_3,65,6,5
L_Haarmonie_L_3,65,7,8
L_Haarmonie_L_4,66,0,10
L_Haarmonie_L_4,66,1,9
L_Haarmonie_L_4,66,2,4
L_Haarmonie_L_4,66,3,0
L_Haarmonie_L_4,66,4,1
L_Haarmonie_L_4,66,5,2
L_Haarmonie_L_4,66,6,5
L_Haarmonie_L_4,66,7,8
L_Haarmonie_L_5,67,0,0
L_Haarmonie_L_5,67,1,2
L_Haarmonie_L_5,67,2,3
L_Haarmonie_L_5,67,3,6
L_Haarmonie_L_5,67,4,8
L_Haarmonie_L_5,67,5,7
L_Haarmonie_L_5,67,6,4
L_Haarmonie_L_5,67,7,5
L_Haarmonie_L_6,68,0,9
L_Haarmonie_L_6,68,1,0
L_Haarmonie_L_6,68,2,4
L_Haarmonie_L_6,68,3,6
L_Haarmonie_L_6,68,4,1
L_Haarmonie_L_6,68,5,2
L_Haarmonie_L_6,68,6,5
L_Haarmonie_L_6,68,7,8
L_Haarmonie_L_7,69,0,9
L_Haarmonie_L_7,69,1,4
L_Haarmonie_L_7,69,2,0
L_Haarmonie_L_7,69,3,8
L_Haarmonie_L_7,69,4,6
L_Haarmonie_L_7,69,5,5
L_Haarmonie_L_7,69,6,2
L_Haarmonie_L_7,69,7,1
L_Haarmonie_L_9,70,0,5
L_Haarmonie_L_9,70,1,1
L_Haarmonie_L_9,70,2,6
L_Haarmonie_L_9,70,3,3
L_Haarmonie_L_9,70,4,2
L_Haarmonie_L_9,70,5,0
L_Haarmonie_L_9,70,6,8
L_Haarmonie_L_9,70,7,7
L_Ido_1,71,0,0
L_Ido_1,71,1,33
L_Ido_1,71,2,34
L_Ido_1,71,3,36
L_Ido_1,71,4,1
L_Ido_1,71,5,32
L_Ido_1,71,6,2
L_Ido_1,71,7,4
L_Ido_10,72,0,16
L_Ido_10,72,1,10
L_Ido_10,72,2,17
L_Ido_10,72,3,11
L_Ido_10,72,4,23
L_Ido_10,72,5,1
L_Ido_10,72,6,12
L_Ido_10,72,7,18
L_Ido_11,73,0,6
L_Ido_11,73,1,0
L_Ido_11,73,2,7
L_Ido_11,73,3,1
L_Ido_11,73,4,13
L_Ido_11,73,5,8
L_Ido_11,73,6,2
L_Ido_11,73,7,45
L_Ido_2,74,0,37
L_Ido_2,74,1,36
L_Ido_2,74,2,2
L_Ido_2,74,3,33
L_Ido_2,74,4,32
L_Ido_2,74,5,0
L_Ido_2,74,6,35
L_Ido_2,74,7,3
L_Ido_3,75,0,46
L_Ido_3,75,1,2
L_Ido_3,75,2,42
L_Ido_3,75,3,49
L_Ido_3,75,4,47
L_Ido_3,75,5,43
L_Ido_3,75,6,27
L_Ido_3,75,7,45
L_Ido_4,76,0,78
L_Ido_4,76,1,46
L_Ido_4,76,2,42
L_Ido_4,76,3,49
L_Ido_4,76,4,47
L_Ido_4,76,5,43
L_Ido_4,76,6,45
L_Ido_4,76,7,50
L_Ido_5,77,0,72
L_Ido_5,77,1,27
L_Ido_5,77,2,68
L_Ido_5,77,3,69
L_Ido_5,77,4,73
L_Ido_5,77,5,52
L_Ido_5,77,6,75
L_Ido_5,77,7,30
L_Ido_6,78,0,31
L_Ido_6,78,1,32
L_Ido_6,78,2,27
L_Ido_6,78,3,28
L_Ido_6,78,4,30
L_Ido_6,78,5,34
L_Ido_6,78,6,37
L_Ido_6,78,7,61
L_Ido_7_1,79,0,42
L_Ido_7_1,79,1,36
L_Ido_7_1,79,2,37
L_Ido_7_1,79,3,43
L_Ido_7_1,79,4,49
L_Ido_7_1,79,5,38
L_Ido_7_1,79,6,44
L_Ido_7_1,79,7,5
L_Ido_7_2,80,0,36
L_Ido_7_2,80,1,42
L_Ido_7_2,80,2,37
L_Ido_7_2,80,3,43
L_Ido_7_2,80,4,49
L_Ido_7_2,80,5,38
L_Ido_7_2,80,6,44
L_Ido_7_2,80,7,48
L_Ido_8_1,81,0,50
L_Ido_8_1,81,1,36
L_Ido_8_1,81,2,42
L_Ido_8_1,81,3,5
L_Ido_8_1,81,4,43
L_Ido_8_1,81,5,37
L_Ido_8_1,81,6,38
L_Ido_8_1,81,7,44
L_Ido_8_2,82,0,50
L_Ido_8_2,82,1,36
L_Ido_8_2,82,2,42
L_Ido_8_2,82,3,37
L_Ido_8_2,82,4,43
L_Ido_8_2,82,5,5
L_Ido_8_2,82,6,1
L_Ido_8_2,82,7,8
L_Ido_9,83,0,0
L_Ido_9,83,1,37
L_Ido_9,83,2,43
L_Ido_9,83,3,44
L_Ido_9,83,4,38
L_Ido_9,83,5,6
L_Ido_9,83,6,50
L_Ido_9,83,7,7
L_Ja╠êger_1,84,0,10
L_Ja╠êger_1,84,1,8
L_Ja╠êger_1,84,2,9
L_Ja╠êger_1,84,3,5
L_Ja╠êger_1,84,4,2
L_Ja╠êger_1,84,5,4
L_Ja╠êger_1,84,6,1
L_Ja╠êger_1,84,7,0
L_Ja╠êger_2,85,0,10
L_Ja╠êger_2,85,1,7
L_Ja╠êger_2,85,2,8
L_Ja╠êger_2,85,3,5
L_Ja╠êger_2,85,4,12
L_Ja╠êger_2,85,5,2
L_Ja╠êger_2,85,6,1
L_Ja╠êger_2,85,7,9
L_Ja╠êger_3,86,0,1
L_Ja╠êger_3,86,1,4
L_Ja╠êger_3,86,2,2
L_Ja╠êger_3,86,3,3
L_Ja╠êger_3,86,4,5
L_Ja╠êger_3,86,5,7
L_Ja╠êger_3,86,6,8
L_Ja╠êger_3,86,7,6
L_Ja╠êger_4,87,0,6
L_Ja╠êger_4,87,1,5
L_Ja╠êger_4,87,2,1
L_Ja╠êger_4,87,3,4
L_Ja╠êger_4,87,4,2
L_Ja╠êger_4,87,5,3
L_Ja╠êger_4,87,6,0
L_Ja╠êger_5,88,0,1
L_Ja╠êger_5,88,1,4
L_Ja╠êger_5,88,2,7
L_Ja╠êger_5,88,3,6
L_Ja╠êger_5,88,4,5
L_Ja╠êger_5,88,5,8
L_Ja╠êger_5,88,6,2
L_Ja╠êger_5,88,7,3
L_Ja╠êger_6,89,0,1
L_Ja╠êger_6,89,1,4
L_Ja╠êger_6,89,2,2
L_Ja╠êger_6,89,3,3
L_Ja╠êger_6,89,4,9
L_Ja╠êger_6,89,5,8
L_Ja╠êger_6,89,6,7
L_Ja╠êger_6,89,7,10
L_Ja╠êger_7,90,0,7
L_Ja╠êger_7,90,1,2
L_Ja╠êger_7,90,2,5
L_Ja╠êger_7,90,3,3
L_Ja╠êger_7,90,4,8
L_Ja╠êger_7,90,5,4
L_Ja╠êger_7,90,6,0
L_Ja╠êger_7,90,7,1
L_Kinesiologie_01,91,0,21
L_Kinesiologie_01,91,1,22
L_Kinesiologie_01,91,2,18
L_Kinesiologie_01,91,3,9
L_Kinesiologie_01,91,4,0
L_Kinesiologie_01,91,5,7
L_Kinesiologie_01,91,6,12
L_Kinesiologie_01,91,7,20
L_Kinesiologie_02_1,92,0,23
L_Kinesiologie_02_1,92,1,21
L_Kinesiologie_02_1,92,2,22
L_Kinesiologie_02_1,92,3,18
L_Kinesiologie_02_1,92,4,9
L_Kinesiologie_02_1,92,5,7
L_Kinesiologie_02_1,92,6,0
L_Kinesiologie_02_1,92,7,15
L_Kinesiologie_02_2,93,0,22
L_Kinesiologie_02_2,93,1,21
L_Kinesiologie_02_2,93,2,23
L_Kinesiologie_02_2,93,3,18
L_Kinesiologie_02_2,93,4,9
L_Kinesiologie_02_2,93,5,17
L_Kinesiologie_02_2,93,6,15
L_Kinesiologie_02_2,93,7,11
L_Kinesiologie_03_1,94,0,22
L_Kinesiologie_03_1,94,1,26
L_Kinesiologie_03_1,94,2,11
L_Kinesiologie_03_1,94,3,17
L_Kinesiologie_03_1,94,4,15
L_Kinesiologie_03_1,94,5,9
L_Kinesiologie_03_1,94,6,18
L_Kinesiologie_03_1,94,7,13
L_Kinesiologie_03_2,95,0,22
L_Kinesiologie_03_2,95,1,26
L_Kinesiologie_03_2,95,2,27
L_Kinesiologie_03_2,95,3,21
L_Kinesiologie_03_2,95,4,18
L_Kinesiologie_03_2,95,5,9
L_Kinesiologie_03_2,95,6,0
L_Kinesiologie_03_2,95,7,23
L_Kinesiologie_04,96,0,22
L_Kinesiologie_04,96,1,21
L_Kinesiologie_04,96,2,8
L_Kinesiologie_04,96,3,1
L_Kinesiologie_04,96,4,15
L_Kinesiologie_04,96,5,9
L_Kinesiologie_04,96,6,17
L_Kinesiologie_04,96,7,7
L_Kinesiologie_05_1,97,0,0
L_Kinesiologie_05_1,97,1,1
L_Kinesiologie_05_1,97,2,20
L_Kinesiologie_05_1,97,3,11
L_Kinesiologie_05_1,97,4,2
L_Kinesiologie_05_1,97,5,9
L_Kinesiologie_05_1,97,6,19
L_Kinesiologie_05_1,97,7,17
L_Kinesiologie_05_2,98,0,21
L_Kinesiologie_05_2,98,1,22
L_Kinesiologie_05_2,98,2,23
L_Kinesiologie_05_2,98,3,24
L_Kinesiologie_05_2,98,4,18
L_Kinesiologie_05_2,98,5,9
L_Kinesiologie_05_2,98,6,0
L_Kinesiologie_05_2,98,7,7
L_Kinesiologie_06,99,0,23
L_Kinesiologie_06,99,1,22
L_Kinesiologie_06,99,2,21
L_Kinesiologie_06,99,3,18
L_Kinesiologie_06,99,4,9
L_Kinesiologie_06,99,5,0
L_Kinesiologie_06,99,6,7
L_Kinesiologie_06,99,7,15
L_Kinesiologie_07,100,0,0
L_Kinesiologie_07,100,1,12
L_Kinesiologie_07,100,2,8
L_Kinesiologie_07,100,3,9
L_Kinesiologie_07,100,4,2
L_Kinesiologie_07,100,5,16
L_Kinesiologie_07,100,6,18
L_Kinesiologie_07,100,7,19
L_Knopf_1,101,0,0
L_Knopf_1,101,1,1
L_Knopf_1,101,2,3
L_Knopf_1,101,3,2
L_Knopf_1,101,4,4
L_Knopf_1,101,5,5
L_Knopf_1,101,6,7
L_Knopf_1,101,7,8
L_Knopf_2,102,0,0
L_Knopf_2,102,1,3
L_Knopf_2,102,2,1
L_Knopf_2,102,3,2
L_Knopf_2,102,4,4
L_Knopf_2,102,5,5
L_Knopf_2,102,6,20
L_Knopf_2,102,7,18
L_KranZ_12_2,103,0,0
L_KranZ_12_2,103,1,22
L_KranZ_12_2,103,2,4
L_KranZ_12_2,103,3,3
L_KranZ_12_2,103,4,21
L_KranZ_12_2,103,5,2
L_KranZ_12_2,103,6,1
L_KranZ_12_2,103,7,19
L_Lesch_1,104,0,0
L_Lesch_1,104,1,2
L_Lesch_1,104,2,3
L_Lesch_1,104,3,9
L_Lesch_1,104,4,7
L_Lesch_1,104,5,4
L_Lesch_1,104,6,6
L_Lesch_1,104,7,8
L_Lesch_10,105,0,25
L_Lesch_10,105,1,26
L_Lesch_10,105,2,4
L_Lesch_10,105,3,1
L_Lesch_10,105,4,2
L_Lesch_10,105,5,3
L_Lesch_10,105,6,0
L_Lesch_10,105,7,13
L_Lesch_11,106,0,25
L_Lesch_11,106,1,26
L_Lesch_11,106,2,4
L_Lesch_11,106,3,1
L_Lesch_11,106,4,2
L_Lesch_11,106,5,3
L_Lesch_11,106,6,27
L_Lesch_11,106,7,0
L_Lesch_12,107,0,25
L_Lesch_12,107,1,24
L_Lesch_12,107,2,26
L_Lesch_12,107,3,4
L_Lesch_12,107,4,1
L_Lesch_12,107,5,2
L_Lesch_12,107,6,3
L_Lesch_12,107,7,0
L_Lesch_13,108,0,24
L_Lesch_13,108,1,25
L_Lesch_13,108,2,26
L_Lesch_13,108,3,4
L_Lesch_13,108,4,1
L_Lesch_13,108,5,2
L_Lesch_13,108,6,3
L_Lesch_13,108,7,0
L_Lesch_2,109,0,0
L_Lesch_2,109,1,2
L_Lesch_2,109,2,3
L_Lesch_2,109,3,9
L_Lesch_2,109,4,7
L_Lesch_2,109,5,4
L_Lesch_2,109,6,6
L_Lesch_2,109,7,8
L_Lesch_3,110,0,25
L_Lesch_3,110,1,30
L_Lesch_3,110,2,29
L_Lesch_3,110,3,26
L_Lesch_3,110,4,27
L_Lesch_3,110,5,28
L_Lesch_3,110,6,4
L_Lesch_3,110,7,2
L_Lesch_4,111,0,25
L_Lesch_4,111,1,30
L_Lesch_4,111,2,29
L_Lesch_4,111,3,26
L_Lesch_4,111,4,27
L_Lesch_4,111,5,28
L_Lesch_4,111,6,4
L_Lesch_4,111,7,1
L_Lesch_5,112,0,27
L_Lesch_5,112,1,26
L_Lesch_5,112,2,24
L_Lesch_5,112,3,4
L_Lesch_5,112,4,1
L_Lesch_5,112,5,25
L_Lesch_5,112,6,0
L_Lesch_5,112,7,2
L_Lesch_6,113,0,28
L_Lesch_6,113,1,26
L_Lesch_6,113,2,24
L_Lesch_6,113,3,4
L_Lesch_6,113,4,1
L_Lesch_6,113,5,0
L_Lesch_6,113,6,2
L_Lesch_6,113,7,3
L_Lesch_7,114,0,24
L_Lesch_7,114,1,26
L_Lesch_7,114,2,27
L_Lesch_7,114,3,25
L_Lesch_7,114,4,29
L_Lesch_7,114,5,4
L_Lesch_7,114,6,28
L_Lesch_7,114,7,1
L_Lesch_8,115,0,25
L_Lesch_8,115,1,26
L_Lesch_8,115,2,4
L_Lesch_8,115,3,1
L_Lesch_8,115,4,2
L_Lesch_8,115,5,3
L_Lesch_8,115,6,0
L_Lesch_8,115,7,13
L_Lesch_9,116,0,25
L_Lesch_9,116,1,26
L_Lesch_9,116,2,4
L_Lesch_9,116,3,1
L_Lesch_9,116,4,2
L_Lesch_9,116,5,3
L_Lesch_9,116,6,0
L_Lesch_9,116,7,13
L_MTM_01,117,0,1
L_MTM_01,117,1,0
L_MTM_01,117,2,13
L_MTM_01,117,3,14
L_MTM_01,117,4,16
L_MTM_01,117,5,15
L_MTM_01,117,6,2
L_MTM_01,117,7,10
L_MTM_02,118,0,0
L_MTM_02,118,1,14
L_MTM_02,118,2,12
L_MTM_02,118,3,13
L_MTM_02,118,4,1
L_MTM_02,118,5,9
L_MTM_02,118,6,8
L_MTM_02,118,7,11
L_MTM_03,119,0,0
L_MTM_03,119,1,12
L_MTM_03,119,2,14
L_MTM_03,119,3,13
L_MTM_03,119,4,1
L_MTM_03,119,5,9
L_MTM_03,119,6,8
L_MTM_03,119,7,11
L_MTM_04,120,0,0
L_MTM_04,120,1,12
L_MTM_04,120,2,14
L_MTM_04,120,3,13
L_MTM_04,120,4,1
L_MTM_04,120,5,9
L_MTM_04,120,6,8
L_MTM_04,120,7,11
L_MTM_05,121,0,15
L_MTM_05,121,1,13
L_MTM_05,121,2,11
L_MTM_05,121,3,14
L_MTM_05,121,4,12
L_MTM_05,121,5,18
L_MTM_05,121,6,16
L_MTM_05,121,7,17
L_MTM_06,122,0,11
L_MTM_06,122,1,14
L_MTM_06,122,2,12
L_MTM_06,122,3,13
L_MTM_06,122,4,15
L_MTM_06,122,5,16
L_MTM_06,122,6,17
L_MTM_06,122,7,0
L_MTM_07,123,0,15
L_MTM_07,123,1,14
L_MTM_07,123,2,11
L_MTM_07,123,3,13
L_MTM_07,123,4,12
L_MTM_07,123,5,0
L_MTM_07,123,6,8
L_MTM_07,123,7,7
L_MTM_08,124,0,13
L_MTM_08,124,1,11
L_MTM_08,124,2,14
L_MTM_08,124,3,15
L_MTM_08,124,4,0
L_MTM_08,124,5,12
L_MTM_08,124,6,8
L_MTM_08,124,7,7
L_MTM_09,125,0,19
L_MTM_09,125,1,11
L_MTM_09,125,2,0
L_MTM_09,125,3,8
L_MTM_09,125,4,7
L_MTM_09,125,5,5
L_MTM_09,125,6,1
L_MTM_09,125,7,2
L_MTM_10,126,0,57
L_MTM_10,126,1,34
L_MTM_10,126,2,5
L_MTM_10,126,3,67
L_MTM_10,126,4,65
L_MTM_10,126,5,66
L_MTM_10,126,6,20
L_MTM_10,126,7,28
L_MTM_11,127,0,0
L_MTM_11,127,1,8
L_MTM_11,127,2,7
L_MTM_11,127,3,10
L_MTM_11,127,4,1
L_MTM_11,127,5,5
L_MTM_11,127,6,2
L_MTM_11,127,7,3
L_MTM_12,128,0,11
L_MTM_12,128,1,13
L_MTM_12,128,2,12
L_MTM_12,128,3,15
L_MTM_12,128,4,14
L_MTM_12,128,5,0
L_MTM_12,128,6,8
L_MTM_12,128,7,7
L_MTM_13,129,0,0
L_MTM_13,129,1,2
L_MTM_13,129,2,1
L_MTM_13,129,3,3
L_MTM_13,129,4,11
L_MTM_13,129,5,10
L_MTM_13,129,6,13
L_MTM_13,129,7,4
L_New_net_1,130,0,2
L_New_net_1,130,1,4
L_New_net_1,130,2,0
L_New_net_1,130,3,1
L_New_net_1,130,4,5
L_New_net_1,130,5,6
L_New_net_1,130,6,3
L_New_net_10,131,0,0
L_New_net_10,131,1,1
L_New_net_10,131,2,2
L_New_net_10,131,3,4
L_New_net_10,131,4,3
L_New_net_10,131,5,5
L_New_net_10,131,6,6
L_New_net_2,132,0,2
L_New_net_2,132,1,4
L_New_net_2,132,2,0
L_New_net_2,132,3,5
L_New_net_2,132,4,1
L_New_net_2,132,5,6
L_New_net_2,132,6,3
L_New_net_3,133,0,2
L_New_net_3,133,1,0
L_New_net_3,133,2,3
L_New_net_3,133,3,1
L_New_net_3,133,4,4
L_New_net_3,133,5,5
L_New_net_3,133,6,6
L_New_net_4,134,0,5
L_New_net_4,134,1,1
L_New_net_4,134,2,2
L_New_net_4,134,3,4
L_New_net_4,134,4,0
L_New_net_4,134,5,6
L_New_net_4,134,6,3
L_New_net_5,135,0,4
L_New_net_5,135,1,0
L_New_net_5,135,2,2
L_New_net_5,135,3,5
L_New_net_5,135,4,1
L_New_net_5,135,5,6
L_New_net_5,135,6,3
L_New_net_6,136,0,0
L_New_net_6,136,1,1
L_New_net_6,136,2,2
L_New_net_6,136,3,8
L_New_net_6,136,4,7
L_New_net_6,136,5,6
L_New_net_6,136,6,5
L_New_net_6,136,7,3
L_New_net_7,137,0,2
L_New_net_7,137,1,0
L_New_net_7,137,2,3
L_New_net_7,137,3,1
L_New_net_7,137,4,4
L_New_net_7,137,5,5
L_New_net_7,137,6,6
L_New_net_8,138,0,2
L_New_net_8,138,1,0
L_New_net_8,138,2,4
L_New_net_8,138,3,5
L_New_net_8,138,4,1
L_New_net_8,138,5,6
L_New_net_8,138,6,3
L_New_net_9,139,0,5
L_New_net_9,139,1,3
L_New_net_9,139,2,1
L_New_net_9,139,3,2
L_New_net_9,139,4,0
L_New_net_9,139,5,4
L_New_net_9,139,6,6
L_No_S_1,140,0,12
L_No_S_1,140,1,10
L_No_S_1,140,2,11
L_No_S_1,140,3,9
L_No_S_1,140,4,5
L_No_S_1,140,5,0
L_No_S_1,140,6,1
L_No_S_1,140,7,3
L_No_S_2,141,0,12
L_No_S_2,141,1,11
L_No_S_2,141,2,10
L_No_S_2,141,3,9
L_No_S_2,141,4,0
L_No_S_2,141,5,5
L_No_S_2,141,6,1
L_No_S_2,141,7,3
L_No_S_3,142,0,12
L_No_S_3,142,1,10
L_No_S_3,142,2,11
L_No_S_3,142,3,9
L_No_S_3,142,4,5
L_No_S_3,142,5,1
L_No_S_3,142,6,0
L_No_S_3,142,7,3
L_No_S_4,143,0,3
L_No_S_4,143,1,4
L_No_S_4,143,2,11
L_No_S_4,143,3,1
L_No_S_4,143,4,0
L_No_S_4,143,5,5
L_No_S_4,143,6,7
L_No_S_4,143,7,2
L_No_S_5,144,0,0
L_No_S_5,144,1,1
L_No_S_5,144,2,2
L_No_S_5,144,3,10
L_No_S_5,144,4,6
L_No_S_5,144,5,4
L_No_S_5,144,6,9
L_No_S_5,144,7,3
L_No_S_6,145,0,13
L_No_S_6,145,1,14
L_No_S_6,145,2,9
L_No_S_6,145,3,5
L_No_S_6,145,4,3
L_No_S_6,145,5,2
L_No_S_6,145,6,0
L_No_S_6,145,7,1
L_No_S_7,146,0,0
L_No_S_7,146,1,1
L_No_S_7,146,2,2
L_No_S_7,146,3,15
L_No_S_7,146,4,16
L_No_S_7,146,5,8
L_No_S_7,146,6,3
L_No_S_7,146,7,14
L_Prime_People_1,147,0,11
L_Prime_People_1,147,1,3
L_Prime_People_1,147,2,5
L_Prime_People_1,147,3,4
L_Prime_People_1,147,4,0
L_Prime_People_1,147,5,9
L_Prime_People_1,147,6,7
L_Prime_People_1,147,7,6
L_Prime_People_10_1,148,0,11
L_Prime_People_10_1,148,1,12
L_Prime_People_10_1,148,2,13
L_Prime_People_10_1,148,3,3
L_Prime_People_10_1,148,4,8
L_Prime_People_10_1,148,5,5
L_Prime_People_10_1,148,6,0
L_Prime_People_10_1,148,7,7
L_Prime_People_10_2,149,0,11
L_Prime_People_10_2,149,1,12
L_Prime_People_10_2,149,2,13
L_Prime_People_10_2,149,3,3
L_Prime_People_10_2,149,4,0
L_Prime_People_10_2,149,5,5
L_Prime_People_10_2,149,6,8
L_Prime_People_10_2,149,7,7
L_Prime_People_10_3,150,0,11
L_Prime_People_10_3,150,1,12
L_Prime_People_10_3,150,2,3
L_Prime_People_10_3,150,3,0
L_Prime_People_10_3,150,4,5
L_Prime_People_10_3,150,5,8
L_Prime_People_10_3,150,6,7
L_Prime_People_10_3,150,7,6
L_Prime_People_11,151,0,1
L_Prime_People_11,151,1,14
L_Prime_People_11,151,2,12
L_Prime_People_11,151,3,6
L_Prime_People_11,151,4,2
L_Prime_People_11,151,5,7
L_Prime_People_11,151,6,10
L_Prime_People_11,151,7,15
L_Prime_People_2_1,152,0,13
L_Prime_People_2_1,152,1,12
L_Prime_People_2_1,152,2,11
L_Prime_People_2_1,152,3,3
L_Prime_People_2_1,152,4,8
L_Prime_People_2_1,152,5,5
L_Prime_People_2_1,152,6,0
L_Prime_People_2_1,152,7,7
L_Prime_People_2_2,153,0,12
L_Prime_People_2_2,153,1,11
L_Prime_People_2_2,153,2,3
L_Prime_People_2_2,153,3,8
L_Prime_People_2_2,153,4,0
L_Prime_People_2_2,153,5,5
L_Prime_People_2_2,153,6,4
L_Prime_People_2_2,153,7,7
L_Prime_People_3,154,0,13
L_Prime_People_3,154,1,12
L_Prime_People_3,154,2,3
L_Prime_People_3,154,3,0
L_Prime_People_3,154,4,5
L_Prime_People_3,154,5,8
L_Prime_People_3,154,6,6
L_Prime_People_3,154,7,7
L_Prime_People_4,155,0,11
L_Prime_People_4,155,1,12
L_Prime_People_4,155,2,3
L_Prime_People_4,155,3,0
L_Prime_People_4,155,4,5
L_Prime_People_4,155,5,8
L_Prime_People_4,155,6,7
L_Prime_People_4,155,7,4
L_Prime_People_5_1,156,0,19
L_Prime_People_5_1,156,1,20
L_Prime_People_5_1,156,2,21
L_Prime_People_5_1,156,3,17
L_Prime_People_5_1,156,4,8
L_Prime_People_5_1,156,5,6
L_Prime_People_5_1,156,6,0
L_Prime_People_5_1,156,7,14
L_Prime_People_5_2,157,0,12
L_Prime_People_5_2,157,1,13
L_Prime_People_5_2,157,2,14
L_Prime_People_5_2,157,3,10
L_Prime_People_5_2,157,4,5
L_Prime_People_5_2,157,5,0
L_Prime_People_5_2,157,6,4
L_Prime_People_5_2,157,7,8
L_Prime_People_6,158,0,11
L_Prime_People_6,158,1,3
L_Prime_People_6,158,2,7
L_Prime_People_6,158,3,1
L_Prime_People_6,158,4,8
L_Prime_People_6,158,5,5
L_Prime_People_6,158,6,0
L_Prime_People_6,158,7,4
L_Prime_People_7_1,159,0,12
L_Prime_People_7_1,159,1,3
L_Prime_People_7_1,159,2,0
L_Prime_People_7_1,159,3,8
L_Prime_People_7_1,159,4,5
L_Prime_People_7_1,159,5,11
L_Prime_People_7_1,159,6,10
L_Prime_People_7_1,159,7,6
L_Prime_People_7_2,160,0,12
L_Prime_People_7_2,160,1,11
L_Prime_People_7_2,160,2,3
L_Prime_People_7_2,160,3,5
L_Prime_People_7_2,160,4,8
L_Prime_People_7_2,160,5,0
L_Prime_People_7_2,160,6,10
L_Prime_People_7_2,160,7,6
L_Prime_People_8,161,0,0
L_Prime_People_8,161,1,4
L_Prime_People_8,161,2,9
L_Prime_People_8,161,3,1
L_Prime_People_8,161,4,8
L_Prime_People_8,161,5,5
L_Prime_People_8,161,6,7
L_Prime_People_8,161,7,11
L_Prime_People_9,162,0,13
L_Prime_People_9,162,1,11
L_Prime_People_9,162,2,10
L_Prime_People_9,162,3,1
L_Prime_People_9,162,4,0
L_Prime_People_9,162,5,6
L_Prime_People_9,162,6,4
L_Prime_People_9,162,7,3
L_Renz_01,163,0,13
L_Renz_01,163,1,14
L_Renz_01,163,2,0
L_Renz_01,163,3,1
L_Renz_01,163,4,2
L_Renz_01,163,5,3
L_Renz_01,163,6,9
L_Renz_01,163,7,10
L_Renz_02,164,0,13
L_Renz_02,164,1,14
L_Renz_02,164,2,0
L_Renz_02,164,3,1
L_Renz_02,164,4,2
L_Renz_02,164,5,3
L_Renz_02,164,6,10
L_Renz_02,164,7,9
L_Renz_03,165,0,1
L_Renz_03,165,1,0
L_Renz_03,165,2,2
L_Renz_03,165,3,3
L_Renz_03,165,4,4
L_Renz_03,165,5,5
L_Renz_03,165,6,12
L_Renz_03,165,7,11
L_Renz_04,166,0,13
L_Renz_04,166,1,14
L_Renz_04,166,2,0
L_Renz_04,166,3,1
L_Renz_04,166,4,2
L_Renz_04,166,5,3
L_Renz_04,166,6,10
L_Renz_04,166,7,9
L_Renz_05,167,0,15
L_Renz_05,167,1,0
L_Renz_05,167,2,13
L_Renz_05,167,3,14
L_Renz_05,167,4,2
L_Renz_05,167,5,1
L_Renz_05,167,6,3
L_Renz_05,167,7,10
L_Renz_06,168,0,38
L_Renz_06,168,1,39
L_Renz_06,168,2,40
L_Renz_06,168,3,41
L_Renz_06,168,4,15
L_Renz_06,168,5,18
L_Renz_06,168,6,17
L_Renz_06,168,7,14
L_Renz_07,169,0,37
L_Renz_07,169,1,38
L_Renz_07,169,2,39
L_Renz_07,169,3,40
L_Renz_07,169,4,10
L_Renz_07,169,5,17
L_Renz_07,169,6,9
L_Renz_07,169,7,14
L_Renz_08,170,0,9
L_Renz_08,170,1,10
L_Renz_08,170,2,11
L_Renz_08,170,3,12
L_Renz_08,170,4,18
L_Renz_08,170,5,19
L_Renz_08,170,6,14
L_Renz_08,170,7,13
L_Renz_09,171,0,9
L_Renz_09,171,1,10
L_Renz_09,171,2,11
L_Renz_09,171,3,12
L_Renz_09,171,4,13
L_Renz_09,171,5,14
L_Renz_09,171,6,5
L_Renz_09,171,7,6
L_Renz_10,172,0,9
L_Renz_10,172,1,11
L_Renz_10,172,2,10
L_Renz_10,172,3,12
L_Renz_10,172,4,14
L_Renz_10,172,5,13
L_Renz_10,172,6,15
L_Renz_10,172,7,6
L_Sonja_1,173,0,0
L_Sonja_1,173,1,5
L_Sonja_1,173,2,6
L_Sonja_1,173,3,1
L_Sonja_1,173,4,4
L_Sonja_1,173,5,7
L_Sonja_1,173,6,2
L_Sonja_1,173,7,9
L_Sonja_2,174,0,11
L_Sonja_2,174,1,12
L_Sonja_2,174,2,0
L_Sonja_2,174,3,1
L_Sonja_2,174,4,2
L_Sonja_2,174,5,3
L_Sonja_2,174,6,4
L_Sonja_2,174,7,5
L_Sonja_3,175,0,8
L_Sonja_3,175,1,0
L_Sonja_3,175,2,3
L_Sonja_3,175,3,4
L_Sonja_3,175,4,11
L_Sonja_3,175,5,18
L_Sonja_3,175,6,17
L_Sonja_3,175,7,16
L_Sonja_4,176,0,8
L_Sonja_4,176,1,0
L_Sonja_4,176,2,11
L_Sonja_4,176,3,4
L_Sonja_4,176,4,3
L_Sonja_4,176,5,6
L_Sonja_4,176,6,12
L_Sonja_4,176,7,10
L_Sonja_5,177,0,10
L_Sonja_5,177,1,7
L_Sonja_5,177,2,0
L_Sonja_5,177,3,12
L_Sonja_5,177,4,3
L_Sonja_5,177,5,4
L_Sonja_5,177,6,9
L_Sonja_5,177,7,1
L_Weidenbachhof_1,178,0,13
L_Weidenbachhof_1,178,1,0
L_Weidenbachhof_1,178,2,6
L_Weidenbachhof_1,178,3,3
L_Weidenbachhof_1,178,4,9
L_Weidenbachhof_1,178,5,10
L_Weidenbachhof_1,178,6,5
L_Weidenbachhof_1,178,7,11
L_Weidenbachhof_2,179,0,14
L_Weidenbachhof_2,179,1,13
L_Weidenbachhof_2,179,2,0
L_Weidenbachhof_2,179,3,6
L_Weidenbachhof_2,179,4,3
L_Weidenbachhof_2,179,5,10
L_Weidenbachhof_2,179,6,9
L_Weidenbachhof_2,179,7,5
L_Weidenbachhof_3,180,0,13
L_Weidenbachhof_3,180,1,0
L_Weidenbachhof_3,180,2,3
L_Weidenbachhof_3,180,3,6
L_Weidenbachhof_3,180,4,9
L_Weidenbachhof_3,180,5,10
L_Weidenbachhof_3,180,6,12
L_Weidenbachhof_3,180,7,7
L_Weidenbachhof_4,181,0,14
L_Weidenbachhof_4,181,1,13
L_Weidenbachhof_4,181,2,0
L_Weidenbachhof_4,181,3,3
L_Weidenbachhof_4,181,4,6
L_Weidenbachhof_4,181,5,10
L_Weidenbachhof_4,181,6,9
L_Weidenbachhof_4,181,7,7
L_Weidenbachhof_5,182,0,13
L_Weidenbachhof_5,182,1,0
L_Weidenbachhof_5,182,2,3
L_Weidenbachhof_5,182,3,6
L_Weidenbachhof_5,182,4,10
L_Weidenbachhof_5,182,5,9
L_Weidenbachhof_5,182,6,11
L_Weidenbachhof_5,182,7,7
L_Weidenbachhof_6,183,0,13
L_Weidenbachhof_6,183,1,14
L_Weidenbachhof_6,183,2,0
L_Weidenbachhof_6,183,3,3
L_Weidenbachhof_6,183,4,6
L_Weidenbachhof_6,183,5,10
L_Weidenbachhof_6,183,6,9
L_Weidenbachhof_6,183,7,5
L_Weidenbachhof_7_1,184,0,23
L_Weidenbachhof_7_1,184,1,13
L_Weidenbachhof_7_1,184,2,0
L_Weidenbachhof_7_1,184,3,3
L_Weidenbachhof_7_1,184,4,6
L_Weidenbachhof_7_1,184,5,10
L_Weidenbachhof_7_1,184,6,9
L_Weidenbachhof_7_1,184,7,11
L_Weidenbachhof_7_2,185,0,13
L_Weidenbachhof_7_2,185,1,0
L_Weidenbachhof_7_2,185,2,3
L_Weidenbachhof_7_2,185,3,6
L_Weidenbachhof_7_2,185,4,9
L_Weidenbachhof_7_2,185,5,10
L_Weidenbachhof_7_2,185,6,11
L_Weidenbachhof_7_2,185,7,5
L_Weidenbachhof_7_3,186,0,22
L_Weidenbachhof_7_3,186,1,0
L_Weidenbachhof_7_3,186,2,3
L_Weidenbachhof_7_3,186,3,6
L_Weidenbachhof_7_3,186,4,9
L_Weidenbachhof_7_3,186,5,10
L_Weidenbachhof_7_3,186,6,5
L_Weidenbachhof_7_3,186,7,11
L_Weidenbachhof_8_1,187,0,23
L_Weidenbachhof_8_1,187,1,13
L_Weidenbachhof_8_1,187,2,0
L_Weidenbachhof_8_1,187,3,3
L_Weidenbachhof_8_1,187,4,5
L_Weidenbachhof_8_1,187,5,6
L_Weidenbachhof_8_1,187,6,7
L_Weidenbachhof_8_1,187,7,4
L_Weidenbachhof_8_2,188,0,13
L_Weidenbachhof_8_2,188,1,0
L_Weidenbachhof_8_2,188,2,5
L_Weidenbachhof_8_2,188,3,3
L_Weidenbachhof_8_2,188,4,6
L_Weidenbachhof_8_2,188,5,7
L_Weidenbachhof_8_2,188,6,1
L_Weidenbachhof_8_2,188,7,4
L_Weidenbachhof_8_3,189,0,13
L_Weidenbachhof_8_3,189,1,0
L_Weidenbachhof_8_3,189,2,6
L_Weidenbachhof_8_3,189,3,3
L_Weidenbachhof_8_3,189,4,9
L_Weidenbachhof_8_3,189,5,10
L_Weidenbachhof_8_3,189,6,11
L_Weidenbachhof_8_3,189,7,7
L_Weidenbachhof_9_1,190,0,26
L_Weidenbachhof_9_1,190,1,13
L_Weidenbachhof_9_1,190,2,6
L_Weidenbachhof_9_1,190,3,0
L_Weidenbachhof_9_1,190,4,9
L_Weidenbachhof_9_1,190,5,10
L_Weidenbachhof_9_1,190,6,7
L_Weidenbachhof_9_1,190,7,3
L_Weidenbachhof_9_2,191,0,26
L_Weidenbachhof_9_2,191,1,13
L_Weidenbachhof_9_2,191,2,0
L_Weidenbachhof_9_2,191,3,6
L_Weidenbachhof_9_2,191,4,5
L_Weidenbachhof_9_2,191,5,10
L_Weidenbachhof_9_2,191,6,9
L_Weidenbachhof_9_2,191,7,7
